type,name,module,path,hash
"csv","agent-manifest","_cfg","bmad/_cfg/agent-manifest.csv","0da9108b957d07f96980542e09a991f80b87da3c6dc885884e83431669667253"
"csv","task-manifest","_cfg","bmad/_cfg/task-manifest.csv","46f98b1753914dc6193c9ca8b6427fadc9a6d71747cdc8f5159792576c004b60"
"csv","workflow-manifest","_cfg","bmad/_cfg/workflow-manifest.csv","cbce26cdc50697feb15084aea119391e3b1c94af85eb959e337a787d4b9a43a7"
"yaml","manifest","_cfg","bmad/_cfg/manifest.yaml","45cff357238e45cac42b1c6977233003ad816e8c7ad2c34371c2a930a7eb88d3"
"js","installer","bmb","bmad/bmb/workflows/create-module/installer-templates/installer.js","309ecdf2cebbb213a9139e5b7780d0d42bd60f665c497691773f84202e6667a7"
"md","agent-architecture","bmb","bmad/bmb/workflows/create-agent/agent-architecture.md","ea570cf9893c08d3b9519291c89848d550506a8d831a37eb87f60f1e09980e7f"
"md","agent-command-patterns","bmb","bmad/bmb/workflows/create-agent/agent-command-patterns.md","1dbc414c0c6c9e6b54fb0553f65a28743a26e2a172c35b79fc3dc350d50a378d"
"md","agent-types","bmb","bmad/bmb/workflows/create-agent/agent-types.md","a9429475767b6db4bb74fb27e328a8fdb3e8e7176edb2920ae3e0106d85e9d83"
"md","bmad-builder","bmb","bmad/bmb/agents/bmad-builder.md","5dab7b78bbd21c6fe7e64ecdb4fd841a29e59f21f2b948d91cf6871b8ba50d91"
"md","brainstorm-context","bmb","bmad/bmb/workflows/create-agent/brainstorm-context.md","85be72976c4ff5d79b2bce8e6b433f5e3526a7466a72b3efdb4f6d3d118e1d15"
"md","brainstorm-context","bmb","bmad/bmb/workflows/create-module/brainstorm-context.md","62b902177d2cb56df2d6a12e5ec5c7d75ec94770ce22ac72c96691a876ed2e6a"
"md","brainstorm-context","bmb","bmad/bmb/workflows/create-workflow/brainstorm-context.md","f246ec343e338068b37fee8c93aa6d2fe1d4857addba6db3fe6ad80a2a2950e8"
"md","checklist","bmb","bmad/bmb/workflows/audit-workflow/checklist.md","3a9cf6f7d38152d6e5e49179fec8b6056e97db0f34185ea5c466165cb931cd55"
"md","checklist","bmb","bmad/bmb/workflows/convert-legacy/checklist.md","3f4faaacd224022af5ddf4ae0949d472f9eca3afa0d4ad0c24f19f93caaa9bf9"
"md","checklist","bmb","bmad/bmb/workflows/create-agent/checklist.md","837667f2bd601833568b327b961ba0dd363ba9a0d240625eebc9d1a9685ecbd8"
"md","checklist","bmb","bmad/bmb/workflows/create-module/checklist.md","72b9440ba720d96fa1cab50d1242495a5b7c540e7ab93a5a055c46c36d142ce1"
"md","checklist","bmb","bmad/bmb/workflows/create-workflow/checklist.md","78325ed31532c0059a3f647f7f4cda7702919a9ef43634afa419d3fa30ee2a0c"
"md","checklist","bmb","bmad/bmb/workflows/create-workflow/workflow-template/checklist.md","a950c68c71cd54b5a3ef4c8d68ad8ec40d5d1fa057f7c95e697e975807ae600b"
"md","checklist","bmb","bmad/bmb/workflows/edit-workflow/checklist.md","9677c087ddfb40765e611de23a5a009afe51c347683dfe5f7d9fd33712ac4795"
"md","checklist","bmb","bmad/bmb/workflows/module-brief/checklist.md","821c90da14f02b967cb468b19f59a26c0d8f044d7a81a8b97631fb8ffac7648f"
"md","checklist","bmb","bmad/bmb/workflows/redoc/checklist.md","2117d60b14e19158f4b586878b3667d715d3b62f79815b72b55c2376ce31aae8"
"md","communication-styles","bmb","bmad/bmb/workflows/create-agent/communication-styles.md","96249cca9bee8f10b376e131729c633ea08328c44eaa6889343d2cf66127043e"
"md","instructions","bmb","bmad/bmb/workflows/audit-workflow/instructions.md","a31c169af274fbf8c72a60459a5855d9c5dfffcf51d2ec39370d54670471d32c"
"md","instructions","bmb","bmad/bmb/workflows/convert-legacy/instructions.md","809699256918c9a0152f195c7c7bec8ce05aa8cb7a975a732eb69b8f79cc85a7"
"md","instructions","bmb","bmad/bmb/workflows/create-agent/instructions.md","0e37ce3a986f0b8176ce2151ea3adedb10124d8ec842f264703240b5eb771670"
"md","instructions","bmb","bmad/bmb/workflows/create-module/instructions.md","010cb47095811cf4968d98712749cb1fee5021a52621d0aa0f35ef3758ed2304"
"md","instructions","bmb","bmad/bmb/workflows/create-workflow/instructions.md","d739389d9eb20e9297737a8cfca7a8bdc084c778b6512a2433442c651d0ea871"
"md","instructions","bmb","bmad/bmb/workflows/create-workflow/workflow-template/instructions.md","daf3d312e5a60d7c4cbc308014e3c69eeeddd70bd41bd139d328318da1e3ecb2"
"md","instructions","bmb","bmad/bmb/workflows/edit-workflow/instructions.md","bad1dd6a76379410c9babb5ad13589c3942f6b58de777074762a5f352a5a0005"
"md","instructions","bmb","bmad/bmb/workflows/module-brief/instructions.md","e2275373850ea0745f396ad0c3aa192f06081b52d98777650f6b645333b62926"
"md","instructions","bmb","bmad/bmb/workflows/redoc/instructions.md","21dd93b64455f8dd475b508ae9f1076d7e179e99fb6f197476071706b78e3592"
"md","module-structure","bmb","bmad/bmb/workflows/create-module/module-structure.md","78ec83f2a87f4c5b0ea7dee13d67fe4fa2167a8b32d561dbc88141c8d4c694cb"
"md","README","bmb","bmad/bmb/README.md","af2cdbeede53eff1ecf95c1e6d7ee1535366ba09b352657fa05576792a2bafb4"
"md","README","bmb","bmad/bmb/workflows/convert-legacy/README.md","3391972c16b7234dae61b2d06daeb6310d1760117ece57abcca0c178c4c33eea"
"md","README","bmb","bmad/bmb/workflows/create-agent/README.md","cc1d51e22c425e005ddbe285510ff5a6fc6cf1e40d0ffe5ff421c1efbcbe94c0"
"md","README","bmb","bmad/bmb/workflows/create-module/README.md","416a322591c4c9bca2008fe7cca04eb389ecab50fbb2e0f8ddb5e4bc7bc53f57"
"md","README","bmb","bmad/bmb/workflows/create-workflow/README.md","2886da179a92dbde5188465470aaffdc3f3b4327a4c63eea13bb20d67292dbe9"
"md","README","bmb","bmad/bmb/workflows/edit-workflow/README.md","2db00015c03a3ed7df4ff609ac27a179885145e4c8190862eea70d8b894ee9be"
"md","README","bmb","bmad/bmb/workflows/module-brief/README.md","05772db9095db7b4944e9fc47a049a3609c506be697537fd5fd9e409c10b92f4"
"md","README","bmb","bmad/bmb/workflows/redoc/README.md","a1b7e02427cf252bca69a8a1ee0f554844a6a01b5d568d74f494c71542056173"
"md","template","bmb","bmad/bmb/workflows/audit-workflow/template.md","98e65880cac3ffb123e513abd48710e57e461418dd79a07d6b712505ed3ddb0e"
"md","template","bmb","bmad/bmb/workflows/create-workflow/workflow-template/template.md","c98f65a122035b456f1cbb2df6ecaf06aa442746d93a29d1d0ed2fc9274a43ee"
"md","template","bmb","bmad/bmb/workflows/module-brief/template.md","7d1ad5ec40b06510fcbb0a3da8ea32aefa493e5b04c3a2bba90ce5685b894275"
"md","workflow-creation-guide","bmb","bmad/bmb/workflows/create-workflow/workflow-creation-guide.md","7a08f687cbc8b5e5fbc0c3cf951ab473fdd3b27f8ab415c9ca70ca024106be47"
"yaml","bmad-builder.agent","bmb","bmad/bmb/agents/bmad-builder.agent.yaml",""
"yaml","config","bmb","bmad/bmb/config.yaml","be1a467d9543a980d2d2baa6473096e1abc73f50ce13810129b380bd38abfb83"
"yaml","install-config","bmb","bmad/bmb/workflows/create-module/installer-templates/install-config.yaml","f20caf43009df9955b5fa0fa333851bf8b860568c05707d60ed295179c8abfde"
"yaml","workflow","bmb","bmad/bmb/workflows/audit-workflow/workflow.yaml","8fe858f013067228a31004b828de43eac1212540e995c872bdcf3353273ec838"
"yaml","workflow","bmb","bmad/bmb/workflows/convert-legacy/workflow.yaml","c31cee9cc0d457b25954554d7620c7455b3f1b5aa5b5d72fbc765ea7902c3c0c"
"yaml","workflow","bmb","bmad/bmb/workflows/create-agent/workflow.yaml","3d24d25cb58beed1198d465476615851f124d5a01bf4b358d07ff9f1451cd582"
"yaml","workflow","bmb","bmad/bmb/workflows/create-module/workflow.yaml","f797507b0d3ec8292a670394e75e0dda682f338b3e266d0cd9af4bbb4eda8358"
"yaml","workflow","bmb","bmad/bmb/workflows/create-workflow/workflow-template/workflow.yaml","2eeb8d1724779956f8e89fda8fa850c3fb1d2b8c6eefecd1b5a4d5f9f58adb91"
"yaml","workflow","bmb","bmad/bmb/workflows/create-workflow/workflow.yaml","0ef3f99857d135d062eca2138fe19fb75d3c4adcd5e0b291a86415dceda003ca"
"yaml","workflow","bmb","bmad/bmb/workflows/edit-workflow/workflow.yaml","a8e451fdf95ae8a76feb454094b86c7c5c7a3050315eb3c7fe38b58e57514776"
"yaml","workflow","bmb","bmad/bmb/workflows/module-brief/workflow.yaml","4fde4965106a30bb9c528dfc0f82fdefeccf6f65b25bbb169040258d81070b1f"
"yaml","workflow","bmb","bmad/bmb/workflows/redoc/workflow.yaml","8906c8d50748bfcdfa9aa7d95ae284d02aea92b10ece262be1c793ee99358687"
"csv","documentation-requirements","bmm","bmad/bmm/workflows/1-analysis/document-project/documentation-requirements.csv","d1253b99e88250f2130516b56027ed706e643bfec3d99316727a4c6ec65c6c1d"
"csv","game-brain-methods","bmm","bmad/bmm/workflows/1-analysis/brainstorm-game/game-brain-methods.csv","9dd6c853bcd04038223abf0263c465381dace3c9b13c9eb637f22ce9dc93210e"
"csv","game-types","bmm","bmad/bmm/workflows/2-plan-workflows/gdd/game-types.csv","a44c04d09432c886a7a5a8112474bd32540d8e84de25b308dca0f96e570651fd"
"csv","pattern-categories","bmm","bmad/bmm/workflows/3-solutioning/architecture/pattern-categories.csv","d9a275931bfed32a65106ce374f2bf8e48ecc9327102a08f53b25818a8c78c04"
"csv","tea-index","bmm","bmad/bmm/testarch/tea-index.csv","23b0e383d06e039a77bb1611b168a2bb5323ed044619a592ac64e36911066c83"
"json","project-scan-report-schema","bmm","bmad/bmm/workflows/1-analysis/document-project/templates/project-scan-report-schema.json","53255f15a10cab801a1d75b4318cdb0095eed08c51b3323b7e6c236ae6b399b7"
"md","action-platformer","bmm","bmad/bmm/workflows/2-plan-workflows/gdd/game-types/action-platformer.md","f1cbe9e9a52acd01ff120d05ce22fa81b30500933f62a3c6c36642280244057c"
"md","adventure","bmm","bmad/bmm/workflows/2-plan-workflows/gdd/game-types/adventure.md","06aa57786c2e7ebc7580d501fcdefaabb28933c7b5785d6643bf643f58ae13e7"
"md","analyst","bmm","bmad/bmm/agents/analyst.md","4662a79108ae1589d5b243f4f414e02ebc048c91c4b3bb82a0b7484bb924f472"
"md","architect","bmm","bmad/bmm/agents/architect.md","4e95ca5dcc095e5f0afcaffa2787bb04f7e72c47bb2dfcd8494866e8bed49d6f"
"md","architecture-template","bmm","bmad/bmm/workflows/3-solutioning/architecture/architecture-template.md","ff06f0debe6a15cfaf1c1d0c5a6a8cea8dc857e5a1a9fdf47f664c8b739778c9"
"md","atdd-checklist-template","bmm","bmad/bmm/workflows/testarch/atdd/atdd-checklist-template.md","c7149871527925ba43036e81641715294050137cba0dc6a16fd5684dd72bab34"
"md","AUDIT-REPORT","bmm","bmad/bmm/workflows/4-implementation/dev-story/AUDIT-REPORT.md","809706c392b01e43e2dd43026c803733002bf8d8a71ba9cd4ace26cd4787fce5"
"md","AUDIT-REPORT","bmm","bmad/bmm/workflows/4-implementation/story-ready/AUDIT-REPORT.md","847f19b240a93d549d71bc0d1de4eac18163dff54a03442d28900469a18858e9"
"md","backlog_template","bmm","bmad/bmm/workflows/4-implementation/review-story/backlog_template.md","84b1381c05012999ff9a8b036b11c8aa2f926db4d840d256b56d2fa5c11f4ef7"
"md","bmm-competitor-analyzer","bmm","bmad/bmm/workflows/1-analysis/research/claude-code/sub-agents/bmm-competitor-analyzer.md","82d80930d8ed89d3b58616e53fc6f6f2788fd2fe88a08cff41a1500ff640201c"
"md","bmm-data-analyst","bmm","bmad/bmm/workflows/1-analysis/research/claude-code/sub-agents/bmm-data-analyst.md","a50ddc2dca39cc36289a43ff9c635ab5304e50b60174fa4fc34254d86464599e"
"md","bmm-market-researcher","bmm","bmad/bmm/workflows/1-analysis/research/claude-code/sub-agents/bmm-market-researcher.md","8993d2b104e1aca7b9407d9ab1af8958397c7abdf673b68756747f6d795ae929"
"md","bmm-trend-spotter","bmm","bmad/bmm/workflows/1-analysis/research/claude-code/sub-agents/bmm-trend-spotter.md","375ec3502fadd7f8e2403e71707ece5bbad703ee60360c068f9cf90fe409d6fa"
"md","bmm-user-researcher","bmm","bmad/bmm/workflows/1-analysis/research/claude-code/sub-agents/bmm-user-researcher.md","7f4733add8e3d89546e9769a7b0d259d73c262876ac64aff04d51e3094032afb"
"md","card-game","bmm","bmad/bmm/workflows/2-plan-workflows/gdd/game-types/card-game.md","6b9298ace2607c8e93d64533e6406828053234282e4977e4407faa2e9302fd0a"
"md","checklist","bmm","bmad/bmm/workflows/1-analysis/document-project/checklist.md","54e260b60ba969ecd6ab60cb9928bc47b3733d7b603366e813eecfd9316533df"
"md","checklist","bmm","bmad/bmm/workflows/1-analysis/game-brief/checklist.md","3516d66cffceb3e5ab23e1ddc9aaed8c0335eb0755e7437488cdebff96162395"
"md","checklist","bmm","bmad/bmm/workflows/1-analysis/product-brief/checklist.md","d801d792e3cf6f4b3e4c5f264d39a18b2992a197bc347e6d0389cc7b6c5905de"
"md","checklist","bmm","bmad/bmm/workflows/1-analysis/research/checklist.md","0524c5a0ea841d9b98b6f5a5cec095d0ecbd35779aa0ae079f6a81d36af16389"
"md","checklist","bmm","bmad/bmm/workflows/2-plan-workflows/create-ux-design/checklist.md","1aa5bc2ad9409fab750ce55475a69ec47b7cdb5f4eac93b628bb5d9d3ea9dacb"
"md","checklist","bmm","bmad/bmm/workflows/2-plan-workflows/gdd/checklist.md","d733c5d0118d692710fb7af3018239f4fc01c47fe122437db6d8477d697b3fb3"
"md","checklist","bmm","bmad/bmm/workflows/2-plan-workflows/narrative/checklist.md","9bcfa41212cd74869199dba1a7d9cd5691e2bbc49e6b74b11e51c32955477524"
"md","checklist","bmm","bmad/bmm/workflows/2-plan-workflows/prd/checklist.md","b4ec310c7d573c7cfba5a37023c57a68a5364a04ab9129de3029e3f3fb6b9f5e"
"md","checklist","bmm","bmad/bmm/workflows/2-plan-workflows/tech-spec/checklist.md","4342858088706451ef60ae8d5aa9125bc1df79734b05d2dbd33660a346b73b7e"
"md","checklist","bmm","bmad/bmm/workflows/3-solutioning/architecture/checklist.md","aa0bd2bde20f45be77c5b43c38a1dfb90c41947ff8320f53150c5f8274680f14"
"md","checklist","bmm","bmad/bmm/workflows/3-solutioning/solutioning-gate-check/checklist.md","c458763b4f2f4e06e2663c111eab969892ee4e690a920b970603de72e0d9c025"
"md","checklist","bmm","bmad/bmm/workflows/4-implementation/correct-course/checklist.md","33b2acfcc8fdbab18637218f6c6d16055e0004f0d818f993b0a6aeafac1f6112"
"md","checklist","bmm","bmad/bmm/workflows/4-implementation/create-story/checklist.md","5b4faec7c2c8bbb9ca83f2099b06138150891d01d2d9c04378ec382eae2ba411"
"md","checklist","bmm","bmad/bmm/workflows/4-implementation/dev-story/checklist.md","77cecc9d45050de194300c841e7d8a11f6376e2fbe0a5aac33bb2953b1026014"
"md","checklist","bmm","bmad/bmm/workflows/4-implementation/epic-tech-context/checklist.md","5e90dc12e01ba5f00301a6724fdac5585596fd6dfc670913938e9e92cdca133a"
"md","checklist","bmm","bmad/bmm/workflows/4-implementation/review-story/checklist.md","549f958bfe0b28f33ed3dac7b76ea8f266630b3e67f4bda2d4ae85be518d3c89"
"md","checklist","bmm","bmad/bmm/workflows/4-implementation/sprint-planning/checklist.md","80b10aedcf88ab1641b8e5f99c9a400c8fd9014f13ca65befc5c83992e367dd7"
"md","checklist","bmm","bmad/bmm/workflows/4-implementation/story-context/checklist.md","89c90d004e0649624a533d09604384c297b2891847c87cf1dcb358e9c8d0d723"
"md","checklist","bmm","bmad/bmm/workflows/testarch/atdd/checklist.md","c4fa594d949dd8f1f818c11054b28643b458ab05ed90cf65f118deb1f4818e9f"
"md","checklist","bmm","bmad/bmm/workflows/testarch/automate/checklist.md","bf1ae220c15c9f263967d1606658b19adcd37d57aef2b0faa30d34f01e5b0d22"
"md","checklist","bmm","bmad/bmm/workflows/testarch/ci/checklist.md","b0a6233b7d6423721aa551ad543fa708ede1343313109bdc0cbd37673871b410"
"md","checklist","bmm","bmad/bmm/workflows/testarch/framework/checklist.md","d0f1008c374d6c2d08ba531e435953cf862cc280fcecb0cca8e9028ddeb961d1"
"md","checklist","bmm","bmad/bmm/workflows/testarch/nfr-assess/checklist.md","044416df40402db39eb660509eedadafc292c16edc247cf93812f2a325ee032c"
"md","checklist","bmm","bmad/bmm/workflows/testarch/test-design/checklist.md","17b95b1b316ab8d2fc9a2cd986ec5ef481cb4c285ea11651abd53c549ba762bb"
"md","checklist","bmm","bmad/bmm/workflows/testarch/test-review/checklist.md","0626c675114c23019e20e4ae2330a64baba43ad11774ff268c027b3c584a0891"
"md","checklist","bmm","bmad/bmm/workflows/testarch/trace/checklist.md","a4468ae2afa9cf676310ec1351bb34317d5390e4a02ded9684cc15a62f2fd4fd"
"md","ci-burn-in","bmm","bmad/bmm/testarch/knowledge/ci-burn-in.md","de0092c37ea5c24b40a1aff90c5560bbe0c6cc31702de55d4ea58c56a2e109af"
"md","component-tdd","bmm","bmad/bmm/testarch/knowledge/component-tdd.md","88bd1f9ca1d5bcd1552828845fe80b86ff3acdf071bac574eda744caf7120ef8"
"md","contract-testing","bmm","bmad/bmm/testarch/knowledge/contract-testing.md","d8f662c286b2ea4772213541c43aebef006ab6b46e8737ebdc4a414621895599"
"md","data-factories","bmm","bmad/bmm/testarch/knowledge/data-factories.md","d7428fe7675da02b6f5c4c03213fc5e542063f61ab033efb47c1c5669b835d88"
"md","deep-dive-instructions","bmm","bmad/bmm/workflows/1-analysis/document-project/workflows/deep-dive-instructions.md","5df994e4e77a2a64f98fb7af4642812378f15898c984fb4f79b45fb2201f0000"
"md","deep-dive-template","bmm","bmad/bmm/workflows/1-analysis/document-project/templates/deep-dive-template.md","6198aa731d87d6a318b5b8d180fc29b9aa53ff0966e02391c17333818e94ffe9"
"md","dev","bmm","bmad/bmm/agents/dev.md","377bf7d3e6616b268c6043ea6854c7428f8d9fa7a38a5a4e8ab77a294053baeb"
"md","email-auth","bmm","bmad/bmm/testarch/knowledge/email-auth.md","43f4cc3138a905a91f4a69f358be6664a790b192811b4dfc238188e826f6b41b"
"md","epics-template","bmm","bmad/bmm/workflows/2-plan-workflows/prd/epics-template.md","01b8a6e6febdb6c96848ce3fee71458d31f11910e90bd7e01b7ed3200b88644d"
"md","epics-template","bmm","bmad/bmm/workflows/2-plan-workflows/tech-spec/epics-template.md","dc49a7e00debebda36a9762756cead9406e8e0a5e09315cbed35cea5bb3503db"
"md","error-handling","bmm","bmad/bmm/testarch/knowledge/error-handling.md","8a314eafb31e78020e2709d88aaf4445160cbefb3aba788b62d1701557eb81c1"
"md","feature-flags","bmm","bmad/bmm/testarch/knowledge/feature-flags.md","f6db7e8de2b63ce40a1ceb120a4055fbc2c29454ad8fca5db4e8c065d98f6f49"
"md","fighting","bmm","bmad/bmm/workflows/2-plan-workflows/gdd/game-types/fighting.md","52e5a142aac496ae7154fc0829bfbce1ef22296f0a464cf8e595aa14ca02eb86"
"md","fixture-architecture","bmm","bmad/bmm/testarch/knowledge/fixture-architecture.md","a3b6c1bcaf5e925068f3806a3d2179ac11dde7149e404bc4bb5602afb7392501"
"md","full-scan-instructions","bmm","bmad/bmm/workflows/1-analysis/document-project/workflows/full-scan-instructions.md","a53c3d92a44625f103f1367f64a4620a7ce9a36d64ca49ad789a66375b5f3d7f"
"md","game-architect","bmm","bmad/bmm/agents/game-architect.md","d5c3f4ab002ed9f1568fdbdeab58a395cc31986d83ef656600135b59a2becb24"
"md","game-context","bmm","bmad/bmm/workflows/1-analysis/brainstorm-game/game-context.md","d0f5cb4d6151bb65b799676281ea2af0fe1b5ec227c92ceba655ba363e18a0ba"
"md","game-designer","bmm","bmad/bmm/agents/game-designer.md","2fae527cfe7f1a8eaf765a884feb6dab6dde34784f45d091caf9445f542ffc0b"
"md","game-dev","bmm","bmad/bmm/agents/game-dev.md","9b76baa388039fea91073e20f7394d9cf24d2f3d4253c47357ede79f3ed4e614"
"md","gdd-template","bmm","bmad/bmm/workflows/2-plan-workflows/gdd/gdd-template.md","070ccbb7f491dc1b1d126245c2e4db4a55dbc5a7ee6a6df4be521ca70e3c9ea6"
"md","horror","bmm","bmad/bmm/workflows/2-plan-workflows/gdd/game-types/horror.md","7ff7599d5701bb7a8ef0e14f3ba614626cdd0d8960a8e880fc1cd41c5f508f75"
"md","idle-incremental","bmm","bmad/bmm/workflows/2-plan-workflows/gdd/game-types/idle-incremental.md","515b52bb301e467c1f096cc55abde47159bb0b0d87157b9fa565973b48601ddf"
"md","index-template","bmm","bmad/bmm/workflows/1-analysis/document-project/templates/index-template.md","42c8a14f53088e4fda82f26a3fe41dc8a89d4bcb7a9659dd696136378b64ee90"
"md","instructions","bmm","bmad/bmm/workflows/1-analysis/brainstorm-game/instructions.md","b50d5979c447b5eedbafe72bf13a0da0d8b8c9b34f03c8d854b41c3409607204"
"md","instructions","bmm","bmad/bmm/workflows/1-analysis/brainstorm-project/instructions.md","8dfb3df3f50d93fe0245ee8bd9c3ed69198c83ba4030c637416c5696fc4bbfc7"
"md","instructions","bmm","bmad/bmm/workflows/1-analysis/document-project/instructions.md","150154d560155635b7036043bb4c8ee99f52e4a34d1c9db13e955abc69a0452a"
"md","instructions","bmm","bmad/bmm/workflows/1-analysis/game-brief/instructions.md","0d38bc7bd512fbb34480cac231431142694944c5bbfd5cac6361d6773058b64f"
"md","instructions","bmm","bmad/bmm/workflows/1-analysis/product-brief/instructions.md","9df5543c7e4c44bedaaf6b9e1a49cea12f9b96fc39baf821ef035fe2f6283071"
"md","instructions","bmm","bmad/bmm/workflows/2-plan-workflows/create-ux-design/instructions.md","3f12fbb114f821dcd1f97450a2103418aca79216ad7384fd055beba5c1ddae65"
"md","instructions","bmm","bmad/bmm/workflows/2-plan-workflows/prd/instructions.md","794a1e39fac48179383efad4493e666bc237076a713d9f65baac71afa1968d6d"
"md","instructions","bmm","bmad/bmm/workflows/2-plan-workflows/tech-spec/instructions.md","20c962c97e114f1d161925453ebbc21e873cd111ab7ce388bb00fc7f0ca9f27a"
"md","instructions","bmm","bmad/bmm/workflows/3-solutioning/architecture/instructions.md","d7c78702df668e95c0a7b3f4e2ecf33d8dcea1e95f7f4307193324a6647d4895"
"md","instructions","bmm","bmad/bmm/workflows/3-solutioning/solutioning-gate-check/instructions.md","c205f139c7755108b19b6ec558f2db55ac19afb98afad519ec0aa73da9dc69fa"
"md","instructions","bmm","bmad/bmm/workflows/4-implementation/correct-course/instructions.md","5e8a3aa9b83166b3d5832ac9f5c8e6944328c26a6e4a399dce56916993b1709f"
"md","instructions","bmm","bmad/bmm/workflows/4-implementation/create-story/instructions.md","7739c7e4ee2415a6b2ef294b47ba494de5e5c1e2e338544cd598a163a64f68db"
"md","instructions","bmm","bmad/bmm/workflows/4-implementation/dev-story/instructions.md","f3d2d1c25c5ace2cdb31706f31c1f725538fb6f1cf2968496a1f2c59f9a3c351"
"md","instructions","bmm","bmad/bmm/workflows/4-implementation/epic-tech-context/instructions.md","76df354883967beefbb36daeb970f0185e9610fb5c6e18448701cebc3d0b97f1"
"md","instructions","bmm","bmad/bmm/workflows/4-implementation/retrospective/instructions.md","19bebe04bd5e99f5c6f9bc12e8f17e616f9b31b702d2b2780ffdcf3a076436b8"
"md","instructions","bmm","bmad/bmm/workflows/4-implementation/review-story/instructions.md","b06f2499510c013d8a34fbd20d96242a309ce52bfeb2dfbecc15394ef82bd2f2"
"md","instructions","bmm","bmad/bmm/workflows/4-implementation/sprint-planning/instructions.md","704615fa6d653c24a358647055cb4202e4ac95e1413bde160ec02e7bca7bb63a"
"md","instructions","bmm","bmad/bmm/workflows/4-implementation/story-context/instructions.md","39ed3fcb8ab70c10b3f6675d2497c68a465f02205c33f080e7f5ed03edeed46a"
"md","instructions","bmm","bmad/bmm/workflows/4-implementation/story-done/instructions.md","06453c75a14fd2b1a6315c41580f7041956aed5610fa362945b7056a5d0413ad"
"md","instructions","bmm","bmad/bmm/workflows/4-implementation/story-ready/instructions.md","da51e57c470e7561d61660260d0e5661dd3a269a772ae180910abe5269d9d537"
"md","instructions","bmm","bmad/bmm/workflows/testarch/atdd/instructions.md","afed355e21b2592c2bfe6ce71c64f6556deb082c865208613427a33e5daa61e3"
"md","instructions","bmm","bmad/bmm/workflows/testarch/automate/instructions.md","43958a5fb17e5514101656720add81ae30dc7b38b5e0df596df4b7167d8cc059"
"md","instructions","bmm","bmad/bmm/workflows/testarch/ci/instructions.md","2dbb3687ec7423d01ae29ef0f67400b0df56756a7c0041ef367d6c95b6f695c2"
"md","instructions","bmm","bmad/bmm/workflows/testarch/framework/instructions.md","2bbaaa5559917cb2f5da2121df763893dc4ccd703afc385d9d71b5b379a798e8"
"md","instructions","bmm","bmad/bmm/workflows/testarch/nfr-assess/instructions.md","a3838c8e5dcb1735962176aa07cc8f7a1d5a1e1ad70207a27a8152015cfebbcb"
"md","instructions","bmm","bmad/bmm/workflows/testarch/test-design/instructions.md","b0e17d6cbc4852f4808ae891dc4c70d80cb7df267d1a5e4c138d8c92d12c1319"
"md","instructions","bmm","bmad/bmm/workflows/testarch/test-review/instructions.md","8e1ed220ae9fb0ea5eba0a75f7fc755b774d8c1cfbaf15c9b972fdbdab76d954"
"md","instructions","bmm","bmad/bmm/workflows/testarch/trace/instructions.md","e34afa60d1dc5810a37372f59cb37b4f42f08c811948968dddea9668b669b3d2"
"md","instructions","bmm","bmad/bmm/workflows/workflow-status/init/instructions.md","79189b6a866362852fca4f2e8cbcf21f6c673fa16c2c668d1da3168d7b2bbc21"
"md","instructions","bmm","bmad/bmm/workflows/workflow-status/instructions.md","d48312ee74ee66ca935ce655c67a3b332b49c5911a22dd79f2dd13c04c9621f0"
"md","instructions-deep-prompt","bmm","bmad/bmm/workflows/1-analysis/research/instructions-deep-prompt.md","48c84225869b94e22f310fecb0c7fd410e41741b274d909a6324f4f219327d5b"
"md","instructions-gdd","bmm","bmad/bmm/workflows/2-plan-workflows/gdd/instructions-gdd.md","6aba27fe00daa6f9d3cf2645237315719aec3542648fe3a6e0e0461aeed83e54"
"md","instructions-level0-story","bmm","bmad/bmm/workflows/2-plan-workflows/tech-spec/instructions-level0-story.md","e9662100b334e0c50098799d8dab138cf12852ef896a982df006e58318f41db9"
"md","instructions-level1-stories","bmm","bmad/bmm/workflows/2-plan-workflows/tech-spec/instructions-level1-stories.md","312bd0610f073adacf62e7901e200731f37ea982968c1c46c7d6b873b8e60598"
"md","instructions-market","bmm","bmad/bmm/workflows/1-analysis/research/instructions-market.md","d611baf1a8185da43991c5d70f4301c9bbd437cbd9bc35211fc76bc4350a63c4"
"md","instructions-narrative","bmm","bmad/bmm/workflows/2-plan-workflows/narrative/instructions-narrative.md","6e49b8c139eb8b42260e556fca0964260cc006a4c8d1796faebb95fc3e347580"
"md","instructions-router","bmm","bmad/bmm/workflows/1-analysis/research/instructions-router.md","7ef587d989bc8522e2558bd6b4f19af62382abb7cd1b16dfefe6b966effac5c9"
"md","instructions-technical","bmm","bmad/bmm/workflows/1-analysis/research/instructions-technical.md","3927f01f88493985b5eb736a5a27fc1baf29f534535a10bcd26e0709bdda26b6"
"md","metroidvania","bmm","bmad/bmm/workflows/2-plan-workflows/gdd/game-types/metroidvania.md","2a8c101dda7911d1cd1d9c66d1be86af3725832f5dcc7fab71e95204f45614ea"
"md","moba","bmm","bmad/bmm/workflows/2-plan-workflows/gdd/game-types/moba.md","92d0ba9f7508a38d5bfeac1651c6aee8a1a58c54659ad3f0e0d1fd678a1ef498"
"md","narrative-template","bmm","bmad/bmm/workflows/2-plan-workflows/narrative/narrative-template.md","a97e07173c540f85e946eb9c525e1ccad9294ae5f970760f2a9c537b5c0dcd6b"
"md","network-first","bmm","bmad/bmm/testarch/knowledge/network-first.md","2920e58e145626f5505bcb75e263dbd0e6ac79a8c4c2ec138f5329e06a6ac014"
"md","nfr-criteria","bmm","bmad/bmm/testarch/knowledge/nfr-criteria.md","e63cee4a0193e4858c8f70ff33a497a1b97d13a69da66f60ed5c9a9853025aa1"
"md","nfr-report-template","bmm","bmad/bmm/workflows/testarch/nfr-assess/nfr-report-template.md","b1d8fcbdfc9715a285a58cb161242dea7d311171c09a2caab118ad8ace62b80c"
"md","party-game","bmm","bmad/bmm/workflows/2-plan-workflows/gdd/game-types/party-game.md","0cc50b3aede0c45c94cdff743cdac2d8ad67421ea80497a29d2300a1744ea703"
"md","playwright-config","bmm","bmad/bmm/testarch/knowledge/playwright-config.md","42516511104a7131775f4446196cf9e5dd3295ba3272d5a5030660b1dffaa69f"
"md","pm","bmm","bmad/bmm/agents/pm.md","7e67d53f97bca5cbe516e4109a7267ce2e2ecd8c55be67bde8ae52282add3b4b"
"md","prd-template","bmm","bmad/bmm/workflows/2-plan-workflows/prd/prd-template.md","dabed6d227d6d8e98457f68a8f666a6effe3a78b374a5f937ccacc78ddf05216"
"md","probability-impact","bmm","bmad/bmm/testarch/knowledge/probability-impact.md","446dba0caa1eb162734514f35366f8c38ed3666528b0b5e16c7f03fd3c537d0f"
"md","project-context","bmm","bmad/bmm/workflows/1-analysis/brainstorm-project/project-context.md","0f1888da4bfc4f24c4de9477bd3ccb2a6fb7aa83c516dfdc1f98fbd08846d4ba"
"md","project-overview-template","bmm","bmad/bmm/workflows/1-analysis/document-project/templates/project-overview-template.md","a7c7325b75a5a678dca391b9b69b1e3409cfbe6da95e70443ed3ace164e287b2"
"md","puzzle","bmm","bmad/bmm/workflows/2-plan-workflows/gdd/game-types/puzzle.md","f9c08b6f087bfaa41ea08c9dfa78aa034f5ae46b627b9f476bdf8b4f5c3389ed"
"md","racing","bmm","bmad/bmm/workflows/2-plan-workflows/gdd/game-types/racing.md","085ea5d0914d7bc6a233c479d0ad6288a575ad1c8b9a8a85881e779fac0e60fc"
"md","readme","bmm","bmad/bmm/workflows/3-solutioning/architecture/readme.md","0f10f59151c849b344e20b32f6e242d87089a62f0e5248e702a142d8948bf44d"
"md","README","bmm","bmad/bmm/README.md","e8c8fca49e4ffe380ff6a96dfbf1076ff47c434b5c992750cd9cad6046bcb041"
"md","README","bmm","bmad/bmm/testarch/README.md","2ae906adc1edde5ba3af2a20d78d9cef640897347ec46453233d611115c3e1ac"
"md","README","bmm","bmad/bmm/workflows/1-analysis/brainstorm-game/README.md","4d704cf0ff96239cb37974009a3db1f067cf6d6fed48774746969f845f021a5a"
"md","README","bmm","bmad/bmm/workflows/1-analysis/brainstorm-project/README.md","fd47cd55214411b4f90d66698661a17595a18e01e86bff3b35518e815f49ec17"
"md","README","bmm","bmad/bmm/workflows/1-analysis/document-project/README.md","883a804a9447fdab5db3808346c1ed87636eeba41ad245b0118882293b08deb4"
"md","README","bmm","bmad/bmm/workflows/1-analysis/document-project/templates/README.md","a5e3775d1dd3cf6958b782361229ad5602e55d140e8976f9c87e2051346d7e2a"
"md","README","bmm","bmad/bmm/workflows/1-analysis/game-brief/README.md","045eef516b71d7ffd5a9e4a841d8768e8359b9b5c9f750c7c51cd94c2e9526d2"
"md","README","bmm","bmad/bmm/workflows/1-analysis/product-brief/README.md","e891a719ac22e5cd754b55efc7b2f367094c8fa00e802139b3cb1f9fabf1c559"
"md","README","bmm","bmad/bmm/workflows/1-analysis/research/README.md","e365d495308a23d6163f3353c4efa254ecaef0ef9ecf7427398509de751ca207"
"md","README","bmm","bmad/bmm/workflows/2-plan-workflows/README.md","d115f5ecd955fa82373eb713edb10e038be1360fe56384ada5187bd3c434f5f1"
"md","README","bmm","bmad/bmm/workflows/2-plan-workflows/gdd/README.md","6fffca46824d8501465fd422c348b281cde1abe9af491244ed8610e26b034dda"
"md","README","bmm","bmad/bmm/workflows/3-solutioning/README.md","d26584993cc212c082226afa7130e4208481043f3afed0cbbf83bf2e75cbfa65"
"md","README","bmm","bmad/bmm/workflows/3-solutioning/solutioning-gate-check/README.md","ecab10e9f4b5d405358151fe8ce20a7c763ee66e6dd634c16b0194de99520da3"
"md","README","bmm","bmad/bmm/workflows/4-implementation/README.md","23ce956a3718593963f53ed2b81a03b0f106ee9d799d9576cd5b6e3c0c127a0d"
"md","README","bmm","bmad/bmm/workflows/4-implementation/correct-course/README.md","7d5324ef1abbb4b46da2f850e7b57ce8856a5c6b3f9b2af2804f9cd71f007d8f"
"md","README","bmm","bmad/bmm/workflows/4-implementation/create-story/README.md","19d8633f4688aa914d237f3ad7a72c40b82506fc82442d52a1b0277ab10b28ab"
"md","README","bmm","bmad/bmm/workflows/4-implementation/dev-story/README.md","808dbd7c69efcf4c0651dc95d49ee2d4bbd95b986398359387578f6b3006bdda"
"md","README","bmm","bmad/bmm/workflows/4-implementation/epic-tech-context/README.md","37b8ca1271b0ce45c5437fb7488b8eecb0981f17c3d720c591e663dd0a22677a"
"md","README","bmm","bmad/bmm/workflows/4-implementation/retrospective/README.md","ae7e8503dabb3f8b9e21e662a8143a996b825a658f6e8feef53b43502246353c"
"md","README","bmm","bmad/bmm/workflows/4-implementation/review-story/README.md","bf8aacb0692173df34923cb643372403a7c1cd83d1457c68fa6c38f2c5e18207"
"md","README","bmm","bmad/bmm/workflows/4-implementation/sprint-planning/README.md","5e9f4245b0966e23bffd6f2922d572bddcaf1d2774a892def92c10f74e86b359"
"md","README","bmm","bmad/bmm/workflows/4-implementation/story-context/README.md","aadd2d77c2c254a358a0b91f4db48a1ad69815226120fab74ebc40bc209f8246"
"md","README","bmm","bmad/bmm/workflows/README.md","00125a3ac72551a48d84334dfe3f74e5c1f9aff3387d92e4a39d0f19ee140040"
"md","README","bmm","bmad/bmm/workflows/testarch/README.md","2c425b38cc6229a82c21802cbff3e6e3a93c3b889228b3de63b21afca5ccc79d"
"md","README","bmm","bmad/bmm/workflows/testarch/atdd/README.md","8aa59b4a4d55c8cd21ffb41491c99ecf1ad9e78011e1926f5c54707c50a55fe0"
"md","README","bmm","bmad/bmm/workflows/testarch/automate/README.md","feb4661f378d00e4ec11142dd9fa71a658806b189bfa5fdda1759804f1ecc3d3"
"md","README","bmm","bmad/bmm/workflows/testarch/ci/README.md","4419f7bedf32d6c0625ff521189e1f34c067b455a93eb032ac8b44a4bf5f82ce"
"md","README","bmm","bmad/bmm/workflows/testarch/framework/README.md","45e223556745ebeb443beb2d326b20963175668bb5b28abd9934a6cf7c9115f9"
"md","README","bmm","bmad/bmm/workflows/testarch/nfr-assess/README.md","1c3f07243e60d5a425fac7b2eab17c0328f6318c74245143c91aa3fd51466ca1"
"md","README","bmm","bmad/bmm/workflows/testarch/test-design/README.md","292deef370b5a7fc92c0d25fcff337e3908d1ddb4cb333f2bdab82104459da21"
"md","README","bmm","bmad/bmm/workflows/testarch/test-review/README.md","08ba52231bda562e69d4211e5fb54d703c3e9ed5db9f9eda717d83134be15dea"
"md","README","bmm","bmad/bmm/workflows/testarch/trace/README.md","b9a280d698089af40eef690a158a051fe45c1581f0716e5b33f1de9d2a848de6"
"md","README","bmm","bmad/bmm/workflows/workflow-status/README.md","12ffcdb65e35f069f4de6e622e655d13536011cea79a507c795dd2fcb319443c"
"md","rhythm","bmm","bmad/bmm/workflows/2-plan-workflows/gdd/game-types/rhythm.md","83bbf1761fdc604b8c2b50ed86c5874cce331417e1b3a46c65cb6c4c1a7c8db2"
"md","risk-governance","bmm","bmad/bmm/testarch/knowledge/risk-governance.md","2fa2bc3979c4f6d4e1dec09facb2d446f2a4fbc80107b11fc41cbef2b8d65d68"
"md","roguelike","bmm","bmad/bmm/workflows/2-plan-workflows/gdd/game-types/roguelike.md","fb1ebc838011020a6f740e6fb4f2ceb81be8477f9c67bc7ae3a8e34dfe548f00"
"md","rpg","bmm","bmad/bmm/workflows/2-plan-workflows/gdd/game-types/rpg.md","5aa57ecefb448a0507ee0c8d503b43bd34d0c612ba130240d1af9842b80cba50"
"md","sample-epics-file","bmm","bmad/bmm/workflows/4-implementation/temp-testing-files/sample-epics-file.md","6393cae4a0082e5ec7f4060b476ccf1c7a9b1f246cb38164cc0decdcb5233143"
"md","sample-workflow-status","bmm","bmad/bmm/workflows/4-implementation/temp-testing-files/sample-workflow-status.md","a6f2e1c7e727b782cf1f537c855200f50b5ac5ad400df4bdef571a6ec1f92cf0"
"md","sandbox","bmm","bmad/bmm/workflows/2-plan-workflows/gdd/game-types/sandbox.md","836f656bbaae549f31ac574c0865a61de451c08ab8c561db2c93398e147ece85"
"md","selective-testing","bmm","bmad/bmm/testarch/knowledge/selective-testing.md","c14c8e1bcc309dbb86a60f65bc921abf5a855c18a753e0c0654a108eb3eb1f1c"
"md","selector-resilience","bmm","bmad/bmm/testarch/knowledge/selector-resilience.md","a55c25a340f1cd10811802665754a3f4eab0c82868fea61fea9cc61aa47ac179"
"md","shooter","bmm","bmad/bmm/workflows/2-plan-workflows/gdd/game-types/shooter.md","2452850295ac2b9fac04ce2d6126bfc19bb7dccbb04c40e7f89c801aecc5555d"
"md","simulation","bmm","bmad/bmm/workflows/2-plan-workflows/gdd/game-types/simulation.md","fd74a7d21243f8d9827fe6a99263579309bc0aabd9e56261d3dd4eb5cfc75ad5"
"md","sm","bmm","bmad/bmm/agents/sm.md","ea1aee9794e327470184f696be0be1c1789e06018a3c5117f9282b9ce1894dd0"
"md","source-tree-template","bmm","bmad/bmm/workflows/1-analysis/document-project/templates/source-tree-template.md","109bc335ebb22f932b37c24cdc777a351264191825444a4d147c9b82a1e2ad7a"
"md","sports","bmm","bmad/bmm/workflows/2-plan-workflows/gdd/game-types/sports.md","2247ea87dbca74e879f8c686d9e80434618e9e61bd3572739274c1af64cb0bb8"
"md","strategy","bmm","bmad/bmm/workflows/2-plan-workflows/gdd/game-types/strategy.md","997380919f6c1b408906c364f74e728b9c6b45bf2960d1f0bfe8b0def594735e"
"md","survival","bmm","bmad/bmm/workflows/2-plan-workflows/gdd/game-types/survival.md","3647795ee0073a85217633412a41a938e51a553776acbe9ac953fb403e3437f9"
"md","tea","bmm","bmad/bmm/agents/tea.md","97a2cf3d200a9ed038559a4c524e9b333f4d37cff480e976a9a4a292de63df3a"
"md","tech-spec-template","bmm","bmad/bmm/workflows/2-plan-workflows/tech-spec/tech-spec-template.md","d02cdd43dea4025d2b691e05b458fc24129e87f98cf18598d742e55c1ae84c70"
"md","template","bmm","bmad/bmm/workflows/1-analysis/game-brief/template.md","6d5555fae3763e8528898663d51276e0cc7d2d9725a8c74162d8e9732dbc5843"
"md","template","bmm","bmad/bmm/workflows/1-analysis/product-brief/template.md","6e80489578bf0908c70742b36997007ea3978bcd14af7ee6b1dca5d54679090e"
"md","template","bmm","bmad/bmm/workflows/3-solutioning/solutioning-gate-check/template.md","11c3b7573991c001a7f7780daaf5e5dfa4c46c3ea1f250c5bbf86c5e9f13fc8b"
"md","template","bmm","bmad/bmm/workflows/4-implementation/create-story/template.md","83c5d21312c0f2060888a2a8ba8332b60f7e5ebeb9b24c9ee59ba96114afb9c9"
"md","template","bmm","bmad/bmm/workflows/4-implementation/epic-tech-context/template.md","b5c5d0686453b7c9880d5b45727023f2f6f8d6e491b47267efa8f968f20074e3"
"md","template-deep-prompt","bmm","bmad/bmm/workflows/1-analysis/research/template-deep-prompt.md","2e65c7d6c56e0fa3c994e9eb8e6685409d84bc3e4d198ea462fa78e06c1c0932"
"md","template-market","bmm","bmad/bmm/workflows/1-analysis/research/template-market.md","28631d8693beac54f4b47f38b143d5efc91f8ed7673e396a7b40304db7eba6cb"
"md","template-technical","bmm","bmad/bmm/workflows/1-analysis/research/template-technical.md","6f571c638c9d2f12ded2cf82ed7c5064a25e99f197fcd42dc558cb45e7ebaf93"
"md","test-design-template","bmm","bmad/bmm/workflows/testarch/test-design/test-design-template.md","ccf81b14ec366cbd125a1cdebe40f07fcf7a9789b0ecc3e57111fc4526966d46"
"md","test-healing-patterns","bmm","bmad/bmm/testarch/knowledge/test-healing-patterns.md","b44f7db1ebb1c20ca4ef02d12cae95f692876aee02689605d4b15fe728d28fdf"
"md","test-levels-framework","bmm","bmad/bmm/testarch/knowledge/test-levels-framework.md","80bbac7959a47a2e7e7de82613296f906954d571d2d64ece13381c1a0b480237"
"md","test-priorities-matrix","bmm","bmad/bmm/testarch/knowledge/test-priorities-matrix.md","321c3b708cc19892884be0166afa2a7197028e5474acaf7bc65c17ac861964a5"
"md","test-quality","bmm","bmad/bmm/testarch/knowledge/test-quality.md","97b6db474df0ec7a98a15fd2ae49671bb8e0ddf22963f3c4c47917bb75c05b90"
"md","test-review-template","bmm","bmad/bmm/workflows/testarch/test-review/test-review-template.md","3e68a73c48eebf2e0b5bb329a2af9e80554ef443f8cd16652e8343788f249072"
"md","text-based","bmm","bmad/bmm/workflows/2-plan-workflows/gdd/game-types/text-based.md","5895ca65dc93f676bb33b754f2c6be85d5d9b651df87d8431d404dc9bb736ee7"
"md","timing-debugging","bmm","bmad/bmm/testarch/knowledge/timing-debugging.md","c4c87539bbd3fd961369bb1d7066135d18c6aad7ecd70256ab5ec3b26a8777d9"
"md","tower-defense","bmm","bmad/bmm/workflows/2-plan-workflows/gdd/game-types/tower-defense.md","03a2cc577fdd1a183ba04409b01b22f2f38713d28f1278481b0f221858f97ec8"
"md","trace-template","bmm","bmad/bmm/workflows/testarch/trace/trace-template.md","5453a8e4f61b294a1fc0ba42aec83223ae1bcd5c33d7ae0de6de992e3ee42b43"
"md","turn-based-tactics","bmm","bmad/bmm/workflows/2-plan-workflows/gdd/game-types/turn-based-tactics.md","30a150d8a0ab746f0c67d414be79e7e421fff1b8b7a1b716e64800df72bdb6c2"
"md","user-story-template","bmm","bmad/bmm/workflows/2-plan-workflows/tech-spec/user-story-template.md","bbe87bdbf7ec6096115bb6b41faf431837b06b208286f2f86afc459a278624c8"
"md","ux-design-template","bmm","bmad/bmm/workflows/2-plan-workflows/create-ux-design/ux-design-template.md","f9b8ae0fe08c6a23c63815ddd8ed43183c796f266ffe408f3426af1f13b956db"
"md","ux-designer","bmm","bmad/bmm/agents/ux-designer.md","2913eebbc6eeff757ef08e8d42c68730ba3f6837d311fcbbe647a161a16b36cf"
"md","visual-debugging","bmm","bmad/bmm/testarch/knowledge/visual-debugging.md","072a3d30ba6d22d5e628fc26a08f6e03f8b696e49d5a4445f37749ce5cd4a8a9"
"md","visual-novel","bmm","bmad/bmm/workflows/2-plan-workflows/gdd/game-types/visual-novel.md","2d98f4c682f0abbd6330ac1bad04600c596e6b27302adbe9510fc0c0bf53052c"
"md","workflow-status-template","bmm","bmad/bmm/workflows/workflow-status/workflow-status-template.md","af53865951465341c3f295ba4f5a05463c3861f7f53651b983726becb7007348"
"xml","context-template","bmm","bmad/bmm/workflows/4-implementation/story-context/context-template.xml","6b88d07ff10f51bb847d70e02f22d8927beb6ef1e55d5acf647e8f23b5821921"
"xml","daily-standup","bmm","bmad/bmm/tasks/daily-standup.xml","51b7938726bd2ad32d9ccc3b1bbad89b6023ddc607d3714cc5f2fd91d296465b"
"xml","retrospective","bmm","bmad/bmm/tasks/retrospective.xml","0c7ed9b6a5a590a58f35fca3f9d04e548bb62fb3e9bd0c8e22df24c1dc905c7b"
"yaml","analyst.agent","bmm","bmad/bmm/agents/analyst.agent.yaml",""
"yaml","architect.agent","bmm","bmad/bmm/agents/architect.agent.yaml",""
"yaml","architecture-patterns","bmm","bmad/bmm/workflows/3-solutioning/architecture/architecture-patterns.yaml","9394c1e632e01534f7a1afd676de74b27f1868f58924f21b542af3631679c552"
"yaml","brownfield-level-0","bmm","bmad/bmm/workflows/workflow-status/paths/brownfield-level-0.yaml","7c24d3109ab4d12b8791a5256589c8626962ae7e1a9a5d40968ce9f59c48cdb1"
"yaml","brownfield-level-1","bmm","bmad/bmm/workflows/workflow-status/paths/brownfield-level-1.yaml","6df90c26a4cc18558ce80cc59a7618d53bce148d2150c86a06d4c6244f8dbdda"
"yaml","brownfield-level-2","bmm","bmad/bmm/workflows/workflow-status/paths/brownfield-level-2.yaml","5871238d5a1a63522e226eb17a99e57d2eee0310ce1f949e278b15388aa4d4bb"
"yaml","brownfield-level-3","bmm","bmad/bmm/workflows/workflow-status/paths/brownfield-level-3.yaml","57df5a1d3aebb9204da62f3859925a68376681c3f03c23b6674d4a9cc6e91355"
"yaml","brownfield-level-4","bmm","bmad/bmm/workflows/workflow-status/paths/brownfield-level-4.yaml","f445b19628be1b0ddf448d0014ef75d907db88afa9fcc6cc26babed38ca7671f"
"yaml","config","bmm","bmad/bmm/config.yaml","699803656c67ec73de40ac2e0c889e860a5274574f143e84565ba34e41cb8377"
"yaml","decision-catalog","bmm","bmad/bmm/workflows/3-solutioning/architecture/decision-catalog.yaml","f7fc2ed6ec6c4bd78ec808ad70d24751b53b4835e0aad1088057371f545d3c82"
"yaml","deep-dive","bmm","bmad/bmm/workflows/1-analysis/document-project/workflows/deep-dive.yaml","8cc08a7fd213d35e2de924e588b903e491494694f4ebb493cc6ab60cf8f0c6c0"
"yaml","dev.agent","bmm","bmad/bmm/agents/dev.agent.yaml",""
"yaml","full-scan","bmm","bmad/bmm/workflows/1-analysis/document-project/workflows/full-scan.yaml","1be54e7e270a19c373e6f952745c055fe33948a173f7355f29ce729fb48c6a8f"
"yaml","game-architect.agent","bmm","bmad/bmm/agents/game-architect.agent.yaml",""
"yaml","game-design","bmm","bmad/bmm/workflows/workflow-status/paths/game-design.yaml","9f8f86788fa4a39cb3063c7fc9e6c6bb96396cc0e9813a4014567556f0808956"
"yaml","game-designer.agent","bmm","bmad/bmm/agents/game-designer.agent.yaml",""
"yaml","game-dev.agent","bmm","bmad/bmm/agents/game-dev.agent.yaml",""
"yaml","github-actions-template","bmm","bmad/bmm/workflows/testarch/ci/github-actions-template.yaml","28c0de7c96481c5a7719596c85dd0ce8b5dc450d360aeaa7ebf6294dcf4bea4c"
"yaml","gitlab-ci-template","bmm","bmad/bmm/workflows/testarch/ci/gitlab-ci-template.yaml","bc83b9240ad255c6c2a99bf863b9e519f736c99aeb4b1e341b07620d54581fdc"
"yaml","greenfield-level-0","bmm","bmad/bmm/workflows/workflow-status/paths/greenfield-level-0.yaml","2822603b914ec7b6ab781c5086251c37c1ab8613d8c3e71d39499affd10725e1"
"yaml","greenfield-level-1","bmm","bmad/bmm/workflows/workflow-status/paths/greenfield-level-1.yaml","0e5fa26bec70923d6e7267be6be61eb965276a77440bf528c87f14f79a87950d"
"yaml","greenfield-level-2","bmm","bmad/bmm/workflows/workflow-status/paths/greenfield-level-2.yaml","af061b8b42550ce26e48c7daeaf59e03108ad8f41b05b7ee0022c8a97c3bbcba"
"yaml","greenfield-level-3","bmm","bmad/bmm/workflows/workflow-status/paths/greenfield-level-3.yaml","3f906d8fc15a4892a6657d84770703376b73253cfaf7cb69c9fdfbce0b97b76c"
"yaml","greenfield-level-4","bmm","bmad/bmm/workflows/workflow-status/paths/greenfield-level-4.yaml","1199c9974b40758d63adc10a60600683adc9b1c7be5587c80b3eff7155b73937"
"yaml","injections","bmm","bmad/bmm/workflows/1-analysis/research/claude-code/injections.yaml","dd6dd6e722bf661c3c51d25cc97a1e8ca9c21d517ec0372e469364ba2cf1fa8b"
"yaml","pm.agent","bmm","bmad/bmm/agents/pm.agent.yaml",""
"yaml","project-levels","bmm","bmad/bmm/workflows/workflow-status/project-levels.yaml","6c9f6ca097d44a118cf55e25e780a0ad12fb0e7c113e42d7cb3eca782f6af7ba"
"yaml","sample-sprint-status-file","bmm","bmad/bmm/workflows/4-implementation/temp-testing-files/sample-sprint-status-file.yaml","593bc5944f88bb9bbef0876fe4712f9797f91517bd170e22daf8394bf2d6ca6f"
"yaml","sm.agent","bmm","bmad/bmm/agents/sm.agent.yaml",""
"yaml","sprint-status-template","bmm","bmad/bmm/workflows/4-implementation/sprint-planning/sprint-status-template.yaml","9fde0aa8f0c51a85679508afba1eedffa9aa99d3a14617ba424100a656fc9247"
"yaml","tea.agent","bmm","bmad/bmm/agents/tea.agent.yaml",""
"yaml","team-fullstack","bmm","bmad/bmm/teams/team-fullstack.yaml","f6e12ad099bbcc048990ea9c0798587b044880f17494dbce0b9dd35a7a674d05"
"yaml","team-gamedev","bmm","bmad/bmm/teams/team-gamedev.yaml","74f8951a5e57ff1687ec5f79c8f58e8d78d55a80bdd96d8b825f1f321c39ba25"
"yaml","ux-designer.agent","bmm","bmad/bmm/agents/ux-designer.agent.yaml",""
"yaml","validation-criteria","bmm","bmad/bmm/workflows/3-solutioning/solutioning-gate-check/validation-criteria.yaml","d690edf5faf95ca1ebd3736e01860b385b05566da415313d524f4db12f9a5af4"
"yaml","workflow","bmm","bmad/bmm/workflows/1-analysis/brainstorm-game/workflow.yaml","9cbca79f07dff1356d8831525e2d8ef7e08f80cfdfff98aa1a6669efceb29c35"
"yaml","workflow","bmm","bmad/bmm/workflows/1-analysis/brainstorm-project/workflow.yaml","bcfb19b54f1f10494fd2832263033a39c2ebc139df62ebcbe523a679f46d45f8"
"yaml","workflow","bmm","bmad/bmm/workflows/1-analysis/document-project/workflow.yaml","243cfe5533470f46005630624d04f4537f367118eab42f4cb9123ed0ede0d6aa"
"yaml","workflow","bmm","bmad/bmm/workflows/1-analysis/game-brief/workflow.yaml","45281293d072e0b2a5217095d04faf800e98f5729fba556ea36dff011b5762f9"
"yaml","workflow","bmm","bmad/bmm/workflows/1-analysis/product-brief/workflow.yaml","e35424ab79f6347fd26c39339ca1e152e308af1dc37179aafd52e1c240d4cd3b"
"yaml","workflow","bmm","bmad/bmm/workflows/1-analysis/research/workflow.yaml","07477f3c8af5383da11f7ab832f52af8080021db907116a4a6ac9ab9db47ade6"
"yaml","workflow","bmm","bmad/bmm/workflows/2-plan-workflows/create-ux-design/workflow.yaml","4116f534997492d83e773906f5d24547344a12bfeb89a613b3f9c75a65efda34"
"yaml","workflow","bmm","bmad/bmm/workflows/2-plan-workflows/gdd/workflow.yaml","cb71369b1f3580320e17b6deec25dd41bbb01dd4633338be9f12e68fb4765993"
"yaml","workflow","bmm","bmad/bmm/workflows/2-plan-workflows/narrative/workflow.yaml","fc6e99496d1da7b4fad43872805dd87ccd110e1b05aa6f69d042e05cc0786037"
"yaml","workflow","bmm","bmad/bmm/workflows/2-plan-workflows/prd/workflow.yaml","eaa3943a33387a65528ef4b5ef0e1c64fe55da4c15c89d6890bbe5684b5ee06a"
"yaml","workflow","bmm","bmad/bmm/workflows/2-plan-workflows/tech-spec/workflow.yaml","e03c94006766926cbcde23984caf3d6b5cfa8b06ac668a5eba05229dae12e0c8"
"yaml","workflow","bmm","bmad/bmm/workflows/3-solutioning/architecture/workflow.yaml","b458d130b5d1eaf9eea666e4853cac7e250e7448f262186fb97d6c7899243262"
"yaml","workflow","bmm","bmad/bmm/workflows/3-solutioning/solutioning-gate-check/workflow.yaml","a859a46648da4d29d9cd497549d430992c91a03e7cca474c5ee41a1a98287f0e"
"yaml","workflow","bmm","bmad/bmm/workflows/4-implementation/correct-course/workflow.yaml","66a1dbb140b463cee815ffe7f7e6c1f547a390a0b055c3db3ad979138dba471b"
"yaml","workflow","bmm","bmad/bmm/workflows/4-implementation/create-story/workflow.yaml","c3094566a633c4f87f3220d782ec0abae99bb9bdb852fea25ff467432ef13e90"
"yaml","workflow","bmm","bmad/bmm/workflows/4-implementation/dev-story/workflow.yaml","120f47497eac3ee9e2762bb40bec334f33b9ab2db1b8e6664e682083eecde72f"
"yaml","workflow","bmm","bmad/bmm/workflows/4-implementation/epic-tech-context/workflow.yaml","ddc5932c6709e42121cc69f72412c3ffa370b8f0336e148e9397a23122d10593"
"yaml","workflow","bmm","bmad/bmm/workflows/4-implementation/retrospective/workflow.yaml","f7a29aed378cff9787dfc21130ac959f2cf2840cb0e9184d6b59e4d6b9333e98"
"yaml","workflow","bmm","bmad/bmm/workflows/4-implementation/review-story/workflow.yaml","42b96fc50ab54031e51f5ce6e0d48df807531f2f5fbc24903117a478792a7fa7"
"yaml","workflow","bmm","bmad/bmm/workflows/4-implementation/sprint-planning/workflow.yaml","ecafdebafa1da6a4f07c5102f775ef48813a9104069d49f9ffd74aaee2a3eb4b"
"yaml","workflow","bmm","bmad/bmm/workflows/4-implementation/story-context/workflow.yaml","0494d338e4bea703d0b18b60ed0ebc2fe2195b715ebe8bd0bdfe349624cfce3a"
"yaml","workflow","bmm","bmad/bmm/workflows/4-implementation/story-done/workflow.yaml","72cf5635c7ff7e08f5df86799f9fd089d3e717e5112fbbbf1a8ce7042ffae753"
"yaml","workflow","bmm","bmad/bmm/workflows/4-implementation/story-ready/workflow.yaml","7001762aba2f4874c30b059a2910b54c06002b3c976ca53144d15a0e9ded2d13"
"yaml","workflow","bmm","bmad/bmm/workflows/testarch/atdd/workflow.yaml","b1bc5f8101fabf3fd1dd725d3fd1e5d8568e5497856ccf0556c86a0435214d95"
"yaml","workflow","bmm","bmad/bmm/workflows/testarch/automate/workflow.yaml","44b21e50e8419dbfdfbf7281b61f9e6f6630f4e9cf720fbe5e54b236d9d5e90d"
"yaml","workflow","bmm","bmad/bmm/workflows/testarch/ci/workflow.yaml","de89801ec80bd7e13c030a2912b4eee8992e8e2bfd020b59f85466d3569802f9"
"yaml","workflow","bmm","bmad/bmm/workflows/testarch/framework/workflow.yaml","72786ba1124a51e52acc825a340dcfda2188432ee6514f9e6e30b3bd0ef95123"
"yaml","workflow","bmm","bmad/bmm/workflows/testarch/nfr-assess/workflow.yaml","f7b005bf1af420693a8415b246bf4e87d827364cde09003649e6c234e6a4c5dc"
"yaml","workflow","bmm","bmad/bmm/workflows/testarch/test-design/workflow.yaml","13c1255f250701a176dcc9d50f3acfcb0d310a2a15da92af56d658b2ed78e5c2"
"yaml","workflow","bmm","bmad/bmm/workflows/testarch/test-review/workflow.yaml","19a389464ae744d5dd149e46c58beffb341cecc52198342a7c342cd3895d22f2"
"yaml","workflow","bmm","bmad/bmm/workflows/testarch/trace/workflow.yaml","9e112a5d983d7b517e22f20b815772e38f42d2568a4dcb7d8eb5afaf9e246963"
"yaml","workflow","bmm","bmad/bmm/workflows/workflow-status/init/workflow.yaml","1b359a217d55936d61134e7baa0cde238d75e9163ad8f89810c5c9169cebee79"
"yaml","workflow","bmm","bmad/bmm/workflows/workflow-status/workflow.yaml","cf67808cf4f24279b3d7717aca584506d8025c50caf072b2bd6b20d85bbd6252"
"csv","design-methods","cis","bmad/cis/workflows/design-thinking/design-methods.csv","f5fe4a911305fb94af37d21d3a74847eb37a028ef9da994459a2c64a5a52c9de"
"csv","innovation-frameworks","cis","bmad/cis/workflows/innovation-strategy/innovation-frameworks.csv","59780af3d50270bf978a9a8919cd156d38678f32cbac4f9fd960a074545b8e33"
"csv","solving-methods","cis","bmad/cis/workflows/problem-solving/solving-methods.csv","c0aa9c9ed2cee8c86d9a0691d9884485495da104c42e4909e3ee235432f72a13"
"csv","story-types","cis","bmad/cis/workflows/storytelling/story-types.csv","ec5a3c713617bf7e2cf7db439303dd8f3363daa2f6db20a350c82260ade88bdb"
"md","brainstorming-coach","cis","bmad/cis/agents/brainstorming-coach.md","575658080178a0378b51249f805dc18a8b45bca9bd52032e3a97bd1160c64fcb"
"md","creative-problem-solver","cis","bmad/cis/agents/creative-problem-solver.md","2dc08760b34d7328392cae249e8454c655143ed20074cc2d9acf3149d982689f"
"md","design-thinking-coach","cis","bmad/cis/agents/design-thinking-coach.md","5374ac22137c53fc1f18d14825a4fd9965635aec8fe47676c9bf28bfaddf7380"
"md","innovation-strategist","cis","bmad/cis/agents/innovation-strategist.md","d8a3789604cd16d855faf3f2b81c8af68c2b12d0641300c6c5ee24111157b797"
"md","instructions","cis","bmad/cis/workflows/design-thinking/instructions.md","40e09c9c8dfcb57bb9f89f6357d619dc006d6520239494144a9122e5086d87dc"
"md","instructions","cis","bmad/cis/workflows/innovation-strategy/instructions.md","fa8fbe1e56f666b0931a0c782cbf49f8b65dfa366c8ffa208f21ba3881bdb331"
"md","instructions","cis","bmad/cis/workflows/problem-solving/instructions.md","9b4e1fd2e5ea8ce5c6d4fdb495291775225ad7aaca8a39d7ac3351b7475c0cc1"
"md","instructions","cis","bmad/cis/workflows/storytelling/instructions.md","a25be2e6d94d9b20caf53e3889dcb47af00ce49b1a5d1d7673a1a6bcb4d889c3"
"md","readme","cis","bmad/cis/readme.md","1f1476a033812c687724619f8bb00eb9c994ecff7dc08c52bd92cfb9f822b6f1"
"md","README","cis","bmad/cis/agents/README.md","dd7276c44ba77e9d856efaa9587666267279564a3f930398869f475341cd9c38"
"md","README","cis","bmad/cis/workflows/README.md","91b568dcdda5ba635f4c0cc3ff72329532637de2ecb5a2758642ce4c2d4bf817"
"md","README","cis","bmad/cis/workflows/design-thinking/README.md","0a38f88352dc4674f6e1f55a67ffebf403bf329c874a21a49ce7834c08f91f62"
"md","README","cis","bmad/cis/workflows/innovation-strategy/README.md","820a9e734fadf2cfac94d499cec2e4b41a54d054c0d2f6b9819da319beee4fb9"
"md","README","cis","bmad/cis/workflows/problem-solving/README.md","a5e75b9899751d7aabffcf65785f10d4d2e0455f8c7c541e8a143e3babceca8b"
"md","README","cis","bmad/cis/workflows/storytelling/README.md","1bad4223dce51cb5a7ab8c116467f78037a4583d3a840210ee2f160ad15b71ee"
"md","storyteller","cis","bmad/cis/agents/storyteller.md","931797eb435adb0460b7c4c3dd9f209c03d637c99cb8076deecd4b4a4a99a9b6"
"md","template","cis","bmad/cis/workflows/design-thinking/template.md","7834c387ac0412c841b49a9fcdd8043f5ce053e5cb26993548cf4d31b561f6f0"
"md","template","cis","bmad/cis/workflows/innovation-strategy/template.md","3e649531c0d8ac94e147159cd456aa0e1726439e8518c3ccc2ad08fc486aed59"
"md","template","cis","bmad/cis/workflows/problem-solving/template.md","6c9efd7ac7b10010bd9911db16c2fbdca01fb0c306d871fa6381eef700b45608"
"md","template","cis","bmad/cis/workflows/storytelling/template.md","461981aa772ef2df238070cbec90fc40995df2a71a8c22225b90c91afed57452"
"yaml","brainstorming-coach.agent","cis","bmad/cis/agents/brainstorming-coach.agent.yaml",""
"yaml","config","cis","bmad/cis/config.yaml","cc28b8ed469f1aad8cf4cb972010213311509c01da4f2e3328c0b385b6f8de23"
"yaml","creative-problem-solver.agent","cis","bmad/cis/agents/creative-problem-solver.agent.yaml",""
"yaml","creative-squad","cis","bmad/cis/teams/creative-squad.yaml","5c31e9dd98fff661baa82e71ae3dd5856883fabbc245a62e28a77c4e2df83dec"
"yaml","design-thinking-coach.agent","cis","bmad/cis/agents/design-thinking-coach.agent.yaml",""
"yaml","innovation-strategist.agent","cis","bmad/cis/agents/innovation-strategist.agent.yaml",""
"yaml","storyteller.agent","cis","bmad/cis/agents/storyteller.agent.yaml",""
"yaml","workflow","cis","bmad/cis/workflows/design-thinking/workflow.yaml","b28498780a717041b2e570385295fc352f1c0ba767bc24e8308b091de17f8980"
"yaml","workflow","cis","bmad/cis/workflows/innovation-strategy/workflow.yaml","8fc599ba4096f2a84f28d189f01c847696f3a3905d5aa11060e286c52e0f5b9b"
"yaml","workflow","cis","bmad/cis/workflows/problem-solving/workflow.yaml","342020d879b1c3c2d9a62d7ed1ad1772c9772b1ca4723bfff57ca3391a17d2ae"
"yaml","workflow","cis","bmad/cis/workflows/storytelling/workflow.yaml","6f786b944af5aabd029f581afc0212991d6030d8ea8db05e11debd404dfdf046"
"csv","adv-elicit-methods","core","bmad/core/tasks/adv-elicit-methods.csv","b4e925870f902862899f12934e617c3b4fe002d1b652c99922b30fa93482533b"
"csv","brain-methods","core","bmad/core/workflows/brainstorming/brain-methods.csv","ecffe2f0ba263aac872b2d2c95a3f7b1556da2a980aa0edd3764ffb2f11889f3"
"md","bmad-master","core","bmad/core/agents/bmad-master.md","da52edd5ab4fd9a189c3e27cc8d114eeefe0068ff85febdca455013b8c85da1a"
"md","instructions","core","bmad/core/workflows/brainstorming/instructions.md","20c57ede11289def7927b6ef7bb69bd7a3deb9468dc08e93ee057f98a906e7f0"
"md","instructions","core","bmad/core/workflows/party-mode/instructions.md","28e48c7a05e1f17ad64c0cc701a2ba60e385cd4704c726a14d4b886d885306ab"
"md","README","core","bmad/core/workflows/brainstorming/README.md","ca469d9fbb2b9156491d160e11e2517fdf85ea2c29f41f92b22d4027fe7d9d2a"
"md","template","core","bmad/core/workflows/brainstorming/template.md","b5c760f4cea2b56c75ef76d17a87177b988ac846657f4b9819ec125d125b7386"
"xml","adv-elicit","core","bmad/core/tasks/adv-elicit.xml","94f004a336e434cd231de35eb864435ac51cd5888e9befe66e326eb16497121e"
"xml","bmad-web-orchestrator.agent","core","bmad/core/agents/bmad-web-orchestrator.agent.xml","91a5c1b660befa7365f427640b4fa3dbb18f5e48cd135560303dae0939dccf12"
"xml","index-docs","core","bmad/core/tasks/index-docs.xml","8d011ea850571d448932814bad7cbedcc8aa6e3e28868f55dcc7c2ba82158901"
"xml","validate-workflow","core","bmad/core/tasks/validate-workflow.xml","1e8c569d8d53e618642aa1472721655cb917901a5888a7b403a98df4db2f26bf"
"xml","workflow","core","bmad/core/tasks/workflow.xml","0b2b7bd184e099869174cc8d9125fce08bcd3fd64fad50ff835a42eccf6620e2"
"yaml","bmad-master.agent","core","bmad/core/agents/bmad-master.agent.yaml",""
"yaml","config","core","bmad/core/config.yaml","49acc2664a4b5ecf974471fc02a8d42e78b717f003c9a5afccd389405f144956"
"yaml","workflow","core","bmad/core/workflows/brainstorming/workflow.yaml","52db57678606b98ec47e603c253c40f98815c49417df3088412bbbd8aa7f34d3"
"yaml","workflow","core","bmad/core/workflows/party-mode/workflow.yaml","979e986780ce919abbdae89b3bd264d34a1436036a7eb6f82f40e59c9ce7c2e8"
